<?xml version="1.0" encoding="utf-8" ?>
<Defs>


 <ThingDef ParentName="AnimalThingBase" ADogSaidBody="LegsTail" Name="BaseHorse" Abstract="True" >
	 <race>
	  <herdAnimal>true</herdAnimal>
      <body>QuadrupedAnimalWithHooves</body>
	  <petness>1</petness>
      <baseBodySize>2</baseBodySize>
      <baseHungerRate>0.05</baseHungerRate>
      <baseHealthScale>1.0</baseHealthScale>
      <foodType>VegetarianRoughAnimal</foodType>
      <leatherLabel>tanned horsehide</leatherLabel>
	  <leatherColor>(173,99,77)</leatherColor>
      <leatherInsulation>1.1</leatherInsulation>
      <wildness>0</wildness>
	  <trainableIntelligence>Advanced</trainableIntelligence>
      <nuzzleMtbHours>100</nuzzleMtbHours>
	  <meatLabel>horse meat</meatLabel>
	  <packAnimal>true</packAnimal>
      <gestationPeriodDays>35</gestationPeriodDays>
	  <litterSizeCurve>
        <points>
          <li>(0.5, 0)</li>
          <li>(1, 1)</li>
          <li>(3, .02)</li>
          <li>(3.5, 0)</li>
        </points>
      </litterSizeCurve>
      <lifeExpectancy>32</lifeExpectancy>
	  <lifeStageAges>
        <li>
          <def>AnimalBaby</def>
          <minAge>0</minAge>
        </li>
        <li>
          <def>AnimalJuvenile</def>
          <minAge>.75</minAge>
        </li>
        <li>
          <def>AnimalAdult</def>
          <minAge>1</minAge>
          <soundWounded>Pawn_Elk_Wounded</soundWounded>
          <soundDeath>Pawn_Elk_Death</soundDeath>
          <soundCall>Pawn_Elk_Call</soundCall>
          <soundAngry>Pawn_Elk_Angry</soundAngry>
        </li>
      </lifeStageAges>
      <soundMeleeHitPawn>Pawn_Melee_BigBash_HitPawn</soundMeleeHitPawn>
      <soundMeleeHitBuilding>Pawn_Melee_BigBash_HitBuilding</soundMeleeHitBuilding>
      <soundMeleeMiss>Pawn_Melee_BigBash_Miss</soundMeleeMiss>
    </race>
    <tradeTags>
      <li>StandardAnimal</li>
    </tradeTags>
  </ThingDef>
  
    <PawnKindDef ParentName="AnimalKindBase" Name="HorseKindBase" Abstract="True">
    <combatPower>80</combatPower>
    <wildSpawn_spawnWild>true</wildSpawn_spawnWild>
    <wildSpawn_EcoSystemWeight>0.42</wildSpawn_EcoSystemWeight>
  </PawnKindDef>

  
  <!-- Quarter Horse Def-->
  
  <ThingDef ParentName="BaseHorse">
    <defName>QuarterHorse</defName>
    <label>quarter horse</label>
    <description>A common horse. Makes a good companion for crossing large swaths of land. Can survive off sparse amounts of food.</description>
    <statBases>
      <MoveSpeed>8</MoveSpeed>
      <ComfyTemperatureMin>-25</ComfyTemperatureMin>
      <MarketValue>400</MarketValue>
    </statBases>
	<race>
      <baseHungerRate>0.02</baseHungerRate>
	</race>
    <verbs>
      <li>
        <verbClass>Verb_MeleeAttack</verbClass>
        <defaultCooldownTime>1.65</defaultCooldownTime>
        <meleeDamageBaseAmount>8</meleeDamageBaseAmount>
        <meleeDamageDef>Blunt</meleeDamageDef>
        <linkedBodyPartsGroup>FrontLeftLeg</linkedBodyPartsGroup>
      </li>
      <li>
        <verbClass>Verb_MeleeAttack</verbClass>
        <defaultCooldownTime>1.65</defaultCooldownTime>
        <meleeDamageBaseAmount>8</meleeDamageBaseAmount>
        <meleeDamageDef>Blunt</meleeDamageDef>
        <linkedBodyPartsGroup>FrontRightLeg</linkedBodyPartsGroup>
      </li>
    </verbs>
  </ThingDef>
  
    <PawnKindDef ParentName="HorseKindBase">
    <defName>QuarterHorse</defName>
    <label>quarter horse</label>
    <race>QuarterHorse</race>
    <combatPower>75</combatPower>
	<wildSpawn_spawnWild>true</wildSpawn_spawnWild>
	<wildSpawn_EcoSystemWeight>1</wildSpawn_EcoSystemWeight>
	<wildSpawn_GroupSizeRange>
      <min>3</min>
      <max>15</max>
    </wildSpawn_GroupSizeRange>
    <labelFemale>quarter horse mare</labelFemale>
    <lifeStages>
      <li>
	    <label>quarter horse foal</label>
        <labelPlural>quarter horse foals</labelPlural>
        <bodyGraphicData>
          <texPath>Things/Horse</texPath>
           <drawSize>1.5</drawSize>
          <color>(122, 78, 52)</color>
		  <shadowData>
            <volume>(0.2, 0.1, 0.2)</volume>
            <offset>(0,0,-0.2)</offset>
          </shadowData>
        </bodyGraphicData>
        <dessicatedBodyGraphicData>
          <texPath>Things/Pawn/Animal/Dessicated/CritterDessicatedMedium</texPath>
          <drawSize>1.5</drawSize>
        </dessicatedBodyGraphicData>
      </li>
	  <li>
        <bodyGraphicData>
          <texPath>Things/Horse</texPath>
          <drawSize>2</drawSize>
          <color>(122, 78, 52)</color>
          <shadowData>
            <volume>(0.3, 0.3, 0.3)</volume>
            <offset>(0,0,-0.3)</offset>
          </shadowData>
        </bodyGraphicData>
        <dessicatedBodyGraphicData>
          <texPath>Things/Pawn/Animal/Dessicated/CritterDessicatedMedium</texPath>
          <drawSize>2.25</drawSize>
        </dessicatedBodyGraphicData>
      </li>
      <li>
        <bodyGraphicData>
          <texPath>Things/Horse</texPath>
          <drawSize>3</drawSize>
          <color>(122, 78, 52)</color>
          <shadowData>
            <volume>(0.4, 0.4, 0.4)</volume>
            <offset>(0,0,-0.2)</offset>
          </shadowData>
        </bodyGraphicData>
        <dessicatedBodyGraphicData>
          <texPath>Things/Pawn/Animal/Dessicated/CritterDessicatedMedium</texPath>
          <drawSize>3</drawSize>
        </dessicatedBodyGraphicData>
      </li>
    </lifeStages>
  </PawnKindDef>
  
  
   <!-- Black Horse Def -->
   
  <ThingDef ParentName="BaseHorse">
    <defName>BlackHorse</defName>
    <label>black horse</label>
    <description>A strong, fast horse. Makes a formidable foe in combat and an excellent companion on the range.</description>
    <statBases>
      <MoveSpeed>10</MoveSpeed>
      <ComfyTemperatureMin>-25</ComfyTemperatureMin>
      <MarketValue>800</MarketValue>
    </statBases>
    <verbs>
      <li>
        <verbClass>Verb_MeleeAttack</verbClass>
        <defaultCooldownTime>1.65</defaultCooldownTime>
        <meleeDamageBaseAmount>14</meleeDamageBaseAmount>
        <meleeDamageDef>Blunt</meleeDamageDef>
        <linkedBodyPartsGroup>FrontLeftLeg</linkedBodyPartsGroup>
      </li>
      <li>
        <verbClass>Verb_MeleeAttack</verbClass>
        <defaultCooldownTime>1.65</defaultCooldownTime>
        <meleeDamageBaseAmount>14</meleeDamageBaseAmount>
        <meleeDamageDef>Blunt</meleeDamageDef>
        <linkedBodyPartsGroup>FrontRightLeg</linkedBodyPartsGroup>
      </li>

    </verbs>
  </ThingDef>

      <PawnKindDef ParentName="HorseKindBase">
    <defName>BlackHorse</defName>
    <label>black horse</label>
    <race>BlackHorse</race>
    <combatPower>95</combatPower>
	<wildSpawn_spawnWild>true</wildSpawn_spawnWild>
	<wildSpawn_EcoSystemWeight>1</wildSpawn_EcoSystemWeight>
	<wildSpawn_GroupSizeRange>
      <min>3</min>
      <max>5</max>
    </wildSpawn_GroupSizeRange>
    <labelFemale>black mare</labelFemale>
    <lifeStages>
      <li>
	    <label>black foal</label>
        <labelPlural>black foals</labelPlural>
        <bodyGraphicData>
          <texPath>Things/Horse</texPath>
          <drawSize>1.50</drawSize>
          <color>(54, 52, 52)</color>
		  <shadowData>
            <volume>(0.2, 0.1, 0.2)</volume>
            <offset>(0,0,-0.2)</offset>
          </shadowData>
        </bodyGraphicData>
        <dessicatedBodyGraphicData>
          <texPath>Things/Pawn/Animal/Dessicated/CritterDessicatedMedium</texPath>
          <drawSize>1.5</drawSize>
        </dessicatedBodyGraphicData>
      </li>
	  <li>
        <bodyGraphicData>
          <texPath>Things/Horse</texPath>
          <drawSize>2</drawSize>
          <color>(54, 52, 52)</color>
          <shadowData>
            <volume>(0.3, 0.3, 0.3)</volume>
            <offset>(0,0,-0.3)</offset>
          </shadowData>
        </bodyGraphicData>
        <dessicatedBodyGraphicData>
          <texPath>Things/Pawn/Animal/Dessicated/CritterDessicatedMedium</texPath>
          <drawSize>2.25</drawSize>
        </dessicatedBodyGraphicData>
      </li>
      <li>
        <bodyGraphicData>
          <texPath>Things/Horse</texPath>
          <drawSize>3</drawSize>
          <color>(54, 52, 52)</color>
          <shadowData>
            <volume>(0.4, 0.4, 0.4)</volume>
            <offset>(0,0,-0.2)</offset>
          </shadowData>
        </bodyGraphicData>
        <dessicatedBodyGraphicData>
          <texPath>Things/Pawn/Animal/Dessicated/CritterDessicatedMedium</texPath>
          <drawSize>3</drawSize>
        </dessicatedBodyGraphicData>
      </li>
    </lifeStages>
  </PawnKindDef>
  
  
  
    <!-- White Horse Def-->

    <ThingDef ParentName="BaseHorse">
    <defName>WhiteHorse</defName>
    <label>white horse</label>
    <description>The fastest horse in the rim. Valued for its quick nature and its beautiful looks.</description>
    <statBases>
      <MoveSpeed>12</MoveSpeed>
      <ComfyTemperatureMin>-25</ComfyTemperatureMin>
      <MarketValue>800</MarketValue>
	  <Beauty>6</Beauty>
    </statBases>
    <verbs>
      <li>
        <verbClass>Verb_MeleeAttack</verbClass>
        <defaultCooldownTime>1.65</defaultCooldownTime>
        <meleeDamageBaseAmount>10</meleeDamageBaseAmount>
        <meleeDamageDef>Blunt</meleeDamageDef>
        <linkedBodyPartsGroup>FrontLeftLeg</linkedBodyPartsGroup>
      </li>
      <li>
        <verbClass>Verb_MeleeAttack</verbClass>
        <defaultCooldownTime>1.65</defaultCooldownTime>
        <meleeDamageBaseAmount>10</meleeDamageBaseAmount>
        <meleeDamageDef>Blunt</meleeDamageDef>
        <linkedBodyPartsGroup>FrontRightLeg</linkedBodyPartsGroup>
      </li>
   </verbs>
  </ThingDef>

  <PawnKindDef ParentName="HorseKindBase">
    <defName>WhiteHorse</defName>
    <label>white horse</label>
    <race>WhiteHorse</race>
    <labelFemale>white mare</labelFemale>
    <lifeStages>
      <li>
	    <label>white foal</label>
        <labelPlural>white foals</labelPlural>
        <bodyGraphicData>
          <texPath>Things/Horse</texPath>
          <drawSize>1.50</drawSize>
          <color>(255,255,255)</color>
		  <shadowData>
            <volume>(0.2, 0.1, 0.2)</volume>
            <offset>(0,0,-0.2)</offset>
          </shadowData>
        </bodyGraphicData>
        <dessicatedBodyGraphicData>
          <texPath>Things/Pawn/Animal/Dessicated/CritterDessicatedMedium</texPath>
          <drawSize>1.5</drawSize>
        </dessicatedBodyGraphicData>
      </li>
	  <li>
        <bodyGraphicData>
          <texPath>Things/Horse</texPath>
          <drawSize>2</drawSize>
          <color>(255,255,255)</color>
          <shadowData>
            <volume>(0.3, 0.3, 0.3)</volume>
            <offset>(0,0,-0.3)</offset>
          </shadowData>
        </bodyGraphicData>
        <dessicatedBodyGraphicData>
          <texPath>Things/Pawn/Animal/Dessicated/CritterDessicatedMedium</texPath>
          <drawSize>2.25</drawSize>
        </dessicatedBodyGraphicData>
      </li>
      <li>
        <bodyGraphicData>
          <texPath>Things/Horse</texPath>
          <drawSize>3</drawSize>
          <color>(255,255,255)</color>
          <shadowData>
            <volume>(0.4, 0.4, 0.4)</volume>
            <offset>(0,0,-0.2)</offset>
          </shadowData>
        </bodyGraphicData>
        <dessicatedBodyGraphicData>
          <texPath>Things/Pawn/Animal/Dessicated/CritterDessicatedMedium</texPath>
          <drawSize>3</drawSize>
        </dessicatedBodyGraphicData>
      </li>
    </lifeStages>
  </PawnKindDef>
  
  
  	 <!-- Palomino Horse Def-->
  
	   <ThingDef ParentName="BaseHorse">
    <defName>Palomino</defName>
    <label>palomino</label>
    <description>An incredibly beautiful horse. Only kept by more wealthy colonies as a show item. Not exceptionally helpful on long voyages and eats a lot.</description>
    <statBases>
      <MoveSpeed>7</MoveSpeed>
      <ComfyTemperatureMin>-25</ComfyTemperatureMin>
      <MarketValue>600</MarketValue>
	  <Beauty>15</Beauty>
	  
    </statBases>
		<race>
      <baseHungerRate>0.07</baseHungerRate>
	</race>
    <verbs>
      <li>
        <verbClass>Verb_MeleeAttack</verbClass>
        <defaultCooldownTime>1.65</defaultCooldownTime>
        <meleeDamageBaseAmount>7</meleeDamageBaseAmount>
        <meleeDamageDef>Blunt</meleeDamageDef>
        <linkedBodyPartsGroup>FrontLeftLeg</linkedBodyPartsGroup>
      </li>
      <li>
        <verbClass>Verb_MeleeAttack</verbClass>
        <defaultCooldownTime>1.65</defaultCooldownTime>
        <meleeDamageBaseAmount>7</meleeDamageBaseAmount>
        <meleeDamageDef>Blunt</meleeDamageDef>
        <linkedBodyPartsGroup>FrontRightLeg</linkedBodyPartsGroup>
      </li>
     </verbs>
  </ThingDef>

  <PawnKindDef ParentName="HorseKindBase">
    <defName>Palomino</defName>
    <label>palomino</label>
    <race>Palomino</race>
    <combatPower>100</combatPower>
	<wildSpawn_spawnWild>true</wildSpawn_spawnWild>
	<wildSpawn_EcoSystemWeight>1</wildSpawn_EcoSystemWeight>
	<wildSpawn_GroupSizeRange>
      <min>3</min>
      <max>9</max>
    </wildSpawn_GroupSizeRange>
    <labelFemale>palomino mare</labelFemale>
    <lifeStages>
      <li>
	    <label>palomino foal</label>
        <labelPlural>palomino foals</labelPlural>
        <bodyGraphicData>
          <texPath>Things/Horse</texPath>
          <drawSize>1.50</drawSize>
          <color>(219, 173, 118)</color>
		  <shadowData>
            <volume>(0.2, 0.1, 0.2)</volume>
            <offset>(0,0,-0.2)</offset>
          </shadowData>
        </bodyGraphicData>
        <dessicatedBodyGraphicData>
          <texPath>Things/Pawn/Animal/Dessicated/CritterDessicatedMedium</texPath>
          <drawSize>1.5</drawSize>
        </dessicatedBodyGraphicData>
      </li>
	  <li>
        <bodyGraphicData>
          <texPath>Things/Horse</texPath>
          <drawSize>2</drawSize>
          <color>(219, 173, 118)</color>

          <shadowData>
            <volume>(0.3, 0.3, 0.3)</volume>
            <offset>(0,0,-0.3)</offset>
          </shadowData>
        </bodyGraphicData>
        <dessicatedBodyGraphicData>
          <texPath>Things/Pawn/Animal/Dessicated/CritterDessicatedMedium</texPath>
          <drawSize>2.25</drawSize>
        </dessicatedBodyGraphicData>
      </li>
      <li>
        <bodyGraphicData>
          <texPath>Things/Horse</texPath>
          <drawSize>3</drawSize>
          <color>(219, 173, 118)</color>
          <shadowData>
            <volume>(0.4, 0.4, 0.4)</volume>
            <offset>(0,0,-0.2)</offset>
          </shadowData>
        </bodyGraphicData>
        <dessicatedBodyGraphicData>
          <texPath>Things/Pawn/Animal/Dessicated/CritterDessicatedMedium</texPath>
          <drawSize>3</drawSize>
        </dessicatedBodyGraphicData>
      </li>
    </lifeStages>
  </PawnKindDef>
  
</Defs>