<?xml version="1.0" encoding="utf-8" ?>
<Defs>


 <ThingDef ParentName="AnimalThingBase" ADogSaidBody="LegsTail" Name="BaseHorse" Abstract="True" >
	 <race>
	  <herdAnimal>true</herdAnimal>
      <body>QuadrupedAnimalWithHooves</body>
	  <petness>.6</petness>
      <baseBodySize>2</baseBodySize>
      <baseHungerRate>0.85</baseHungerRate>
      <baseHealthScale>1.75</baseHealthScale>
      <foodType>VegetarianRoughAnimal</foodType>
      <leatherDef>Leather_Plain</leatherDef>
      <wildness>0.5</wildness>
	  <trainability>Advanced</trainability>
	  <meatLabel>horse meat</meatLabel>
	  <packAnimal>true</packAnimal>
      <gestationPeriodDays>28</gestationPeriodDays>
	  <litterSizeCurve>
        <points>
          <li>(0.5, 0)</li>
          <li>(1, 1)</li>
          <li>(3, .02)</li>
          <li>(3.5, 0)</li>
        </points>
      </litterSizeCurve>
      <lifeExpectancy>32</lifeExpectancy>
	  <lifeStageAges>
        <li>
          <def>AnimalBaby</def>
          <minAge>0</minAge>
        </li>
        <li>
          <def>AnimalJuvenile</def>
          <minAge>.25</minAge>
        </li>
        <li>
          <def>AnimalAdult</def>
          <minAge>.5</minAge>
          <soundWounded>Pawn_Horse_Wounded</soundWounded>
          <soundDeath>Pawn_Horse_Death</soundDeath>
          <soundCall>Pawn_Horse_Call</soundCall>
          <soundAngry>Pawn_Horse_Angry</soundAngry>
        </li>
      </lifeStageAges>
      <soundMeleeHitPawn>Pawn_Melee_BigBash_HitPawn</soundMeleeHitPawn>
      <soundMeleeHitBuilding>Pawn_Melee_BigBash_HitBuilding</soundMeleeHitBuilding>
      <soundMeleeMiss>Pawn_Melee_BigBash_Miss</soundMeleeMiss>
    </race>
    <tradeTags>
      <li>AnimalCommon</li>
      <li>AnimalFarm</li>
    </tradeTags>
  </ThingDef>
  
    <PawnKindDef ParentName="AnimalKindBase" Name="HorseKindBase" Abstract="True">
    <combatPower>80</combatPower>
  </PawnKindDef>

  
  <!-- Quarter Horse Def-->
  
  <ThingDef ParentName="BaseHorse">
    <defName>SCQuarterHorse</defName>
    <label>quarter horse</label>
    <description>A common horse. Makes a good companion for crossing large swaths of land. Can survive off sparse amounts of food.</description>
    <statBases>
      <MoveSpeed>5.8</MoveSpeed>
      <MarketValue>550</MarketValue>
      <ComfyTemperatureMin>-35</ComfyTemperatureMin>
      <ComfyTemperatureMax>45</ComfyTemperatureMax>
    </statBases>
    <tools>
      <li>
        <label>head</label>
        <capacities>
          <li>Blunt</li>
        </capacities>
        <power>10</power>
        <cooldownTime>2.9</cooldownTime>
        <linkedBodyPartsGroup>HeadAttackTool</linkedBodyPartsGroup>
        <ensureLinkedBodyPartsGroupAlwaysUsable>true</ensureLinkedBodyPartsGroupAlwaysUsable>
      </li>
      <li>
        <label>left hoof</label>
        <capacities>
          <li>Blunt</li>
          <li>Poke</li>
        </capacities>
        <power>7</power>
        <cooldownTime>2</cooldownTime>
        <linkedBodyPartsGroup>FrontLeftLeg</linkedBodyPartsGroup>
      </li>
      <li>
        <label>right hoof</label>
        <capacities>
          <li>Blunt</li>
          <li>Poke</li>
        </capacities>
        <power>7</power>
        <cooldownTime>2</cooldownTime>
        <linkedBodyPartsGroup>FrontRightLeg</linkedBodyPartsGroup>
      </li>
      <li>
        <capacities>
          <li>Bite</li>
        </capacities>
        <power>5</power>
        <cooldownTime>2</cooldownTime>
        <linkedBodyPartsGroup>Teeth</linkedBodyPartsGroup>
        <chanceFactor>0.5</chanceFactor>
      </li>
    </tools>
  </ThingDef>
  
    <PawnKindDef ParentName="HorseKindBase">
    <defName>SCQuarterHorse</defName>
    <label>quarter horse</label>
    <race>SCQuarterHorse</race>
    <combatPower>100</combatPower>	
	<labelMale>stallion</labelMale>
    <labelFemale>mare</labelFemale>
    <ecoSystemWeight>1.1</ecoSystemWeight>
    <wildGroupSize>3~6</wildGroupSize>
    <lifeStages>
      <li>
	    <label>quarter horse foal</label>
        <bodyGraphicData>
          <texPath>Things/SCHorse</texPath>
           <drawSize>1.5</drawSize>
          <color>(122, 78, 52)</color>
		  <shadowData>
            <volume>(0.2, 0.1, 0.2)</volume>
            <offset>(0,0,-0.2)</offset>
          </shadowData>
        </bodyGraphicData>
        <dessicatedBodyGraphicData>
          <texPath>Things/Pawn/Animal/Horse/Dessicated_Horse</texPath>
          <drawSize>1.5</drawSize>
        </dessicatedBodyGraphicData>
      </li>
	  <li>
        <bodyGraphicData>
          <texPath>Things/SCHorse</texPath>
          <drawSize>2</drawSize>
          <color>(122, 78, 52)</color>
          <shadowData>
            <volume>(0.3, 0.3, 0.3)</volume>
            <offset>(0,0,-0.3)</offset>
          </shadowData>
        </bodyGraphicData>
        <dessicatedBodyGraphicData>
          <texPath>Things/Pawn/Animal/Horse/Dessicated_Horse</texPath>
          <drawSize>2.25</drawSize>
        </dessicatedBodyGraphicData>
      </li>
      <li>
        <bodyGraphicData>
          <texPath>Things/SCHorse</texPath>
          <drawSize>3</drawSize>
          <color>(122, 78, 52)</color>
          <shadowData>
            <volume>(0.4, 0.4, 0.4)</volume>
            <offset>(0,0,-0.2)</offset>
          </shadowData>
        </bodyGraphicData>
        <dessicatedBodyGraphicData>
          <texPath>Things/Pawn/Animal/Horse/Dessicated_Horse</texPath>
          <drawSize>3</drawSize>
        </dessicatedBodyGraphicData>
      </li>
    </lifeStages>
  </PawnKindDef>
  
  
   <!-- Black Horse Def -->
   
  <ThingDef ParentName="BaseHorse">
    <defName>SCBlackHorse</defName>
    <label>black horse</label>
    <description>A strong, fast horse. Makes a formidable foe in combat and an excellent companion on the range.</description>
    <statBases>
      <MoveSpeed>10</MoveSpeed>
      <ComfyTemperatureMin>-35</ComfyTemperatureMin>
      <ComfyTemperatureMax>45</ComfyTemperatureMax>
      <MarketValue>800</MarketValue>
    </statBases>
	<tools>
		  <li>
			<label>head</label>
			<capacities>
			  <li>Blunt</li>
			</capacities>
			<power>20</power>
			<cooldownTime>2.9</cooldownTime>
			<linkedBodyPartsGroup>HeadAttackTool</linkedBodyPartsGroup>
			<ensureLinkedBodyPartsGroupAlwaysUsable>true</ensureLinkedBodyPartsGroupAlwaysUsable>
		  </li>
		  <li>
			<label>left hoof</label>
			<capacities>
			  <li>Blunt</li>
			  <li>Poke</li>
			</capacities>
			<power>14</power>
			<cooldownTime>2</cooldownTime>
			<linkedBodyPartsGroup>FrontLeftLeg</linkedBodyPartsGroup>
		  </li>
		  <li>
			<label>right hoof</label>
			<capacities>
			  <li>Blunt</li>
			  <li>Poke</li>
			</capacities>
			<power>14</power>
			<cooldownTime>2</cooldownTime>
			<linkedBodyPartsGroup>FrontRightLeg</linkedBodyPartsGroup>
		  </li>
		  <li>
			<capacities>
			  <li>Bite</li>
			</capacities>
			<power>10</power>
			<cooldownTime>2</cooldownTime>
			<linkedBodyPartsGroup>Teeth</linkedBodyPartsGroup>
			<chanceFactor>0.5</chanceFactor>
		  </li>
		</tools>
  </ThingDef>

      <PawnKindDef ParentName="HorseKindBase">
    <defName>SCBlackHorse</defName>
    <label>black horse</label>
    <race>SCBlackHorse</race>
    <combatPower>95</combatPower>
	<labelMale>stallion</labelMale>
    <labelFemale>mare</labelFemale>
    <ecoSystemWeight>1.1</ecoSystemWeight>
    <wildGroupSize>3~6</wildGroupSize>
    <lifeStages>
      <li>
	    <label>black foal</label>
        <labelPlural>black foals</labelPlural>
        <bodyGraphicData>
          <texPath>Things/SCHorse</texPath>
          <drawSize>1.50</drawSize>
          <color>(54, 52, 52)</color>
		  <shadowData>
            <volume>(0.2, 0.1, 0.2)</volume>
            <offset>(0,0,-0.2)</offset>
          </shadowData>
        </bodyGraphicData>
        <dessicatedBodyGraphicData>
          <texPath>Things/Pawn/Animal/Horse/Dessicated_Horse</texPath>
          <drawSize>1.5</drawSize>
        </dessicatedBodyGraphicData>
      </li>
	  <li>
        <bodyGraphicData>
          <texPath>Things/SCHorse</texPath>
          <drawSize>2</drawSize>
          <color>(54, 52, 52)</color>
          <shadowData>
            <volume>(0.3, 0.3, 0.3)</volume>
            <offset>(0,0,-0.3)</offset>
          </shadowData>
        </bodyGraphicData>
        <dessicatedBodyGraphicData>
          <texPath>Things/Pawn/Animal/Horse/Dessicated_Horse</texPath>
          <drawSize>2.25</drawSize>
        </dessicatedBodyGraphicData>
      </li>
      <li>
        <bodyGraphicData>
          <texPath>Things/SCHorse</texPath>
          <drawSize>3</drawSize>
          <color>(54, 52, 52)</color>
          <shadowData>
            <volume>(0.4, 0.4, 0.4)</volume>
            <offset>(0,0,-0.2)</offset>
          </shadowData>
        </bodyGraphicData>
        <dessicatedBodyGraphicData>
          <texPath>Things/Pawn/Animal/Horse/Dessicated_Horse</texPath>
          <drawSize>3</drawSize>
        </dessicatedBodyGraphicData>
      </li>
    </lifeStages>
  </PawnKindDef>
  
  
  
    <!-- White Horse Def-->

    <ThingDef ParentName="BaseHorse">
    <defName>SCWhiteHorse</defName>
    <label>white horse</label>
    <description>The fastest horse in the rim. Valued for its quick nature and its beautiful looks.</description>
    <statBases>
      <MoveSpeed>12</MoveSpeed>
      <ComfyTemperatureMin>-35</ComfyTemperatureMin>
      <ComfyTemperatureMax>45</ComfyTemperatureMax>
      <MarketValue>800</MarketValue>
    </statBases>
	<tools>
      <li>
        <label>head</label>
        <capacities>
          <li>Blunt</li>
        </capacities>
        <power>12</power>
        <cooldownTime>2.9</cooldownTime>
        <linkedBodyPartsGroup>HeadAttackTool</linkedBodyPartsGroup>
        <ensureLinkedBodyPartsGroupAlwaysUsable>true</ensureLinkedBodyPartsGroupAlwaysUsable>
      </li>
      <li>
        <label>left hoof</label>
        <capacities>
          <li>Blunt</li>
          <li>Poke</li>
        </capacities>
        <power>10</power>
        <cooldownTime>2</cooldownTime>
        <linkedBodyPartsGroup>FrontLeftLeg</linkedBodyPartsGroup>
      </li>
      <li>
        <label>right hoof</label>
        <capacities>
          <li>Blunt</li>
          <li>Poke</li>
        </capacities>
        <power>10</power>
        <cooldownTime>2</cooldownTime>
        <linkedBodyPartsGroup>FrontRightLeg</linkedBodyPartsGroup>
      </li>
      <li>
        <capacities>
          <li>Bite</li>
        </capacities>
        <power>7</power>
        <cooldownTime>2</cooldownTime>
        <linkedBodyPartsGroup>Teeth</linkedBodyPartsGroup>
        <chanceFactor>0.5</chanceFactor>
      </li>
    </tools>
  </ThingDef>

  <PawnKindDef ParentName="HorseKindBase">
    <defName>SCWhiteHorse</defName>
    <label>white horse</label>
    <race>SCWhiteHorse</race>
    <labelMale>stallion</labelMale>
    <labelFemale>mare</labelFemale>
    <ecoSystemWeight>1.1</ecoSystemWeight>
    <wildGroupSize>3~6</wildGroupSize>
    <lifeStages>
      <li>
	    <label>white foal</label>
        <labelPlural>white foals</labelPlural>
        <bodyGraphicData>
          <texPath>Things/SCHorse</texPath>
          <drawSize>1.50</drawSize>
          <color>(255,255,255)</color>
		  <shadowData>
            <volume>(0.2, 0.1, 0.2)</volume>
            <offset>(0,0,-0.2)</offset>
          </shadowData>
        </bodyGraphicData>
        <dessicatedBodyGraphicData>
          <texPath>Things/Pawn/Animal/Horse/Dessicated_Horse</texPath>
          <drawSize>1.5</drawSize>
        </dessicatedBodyGraphicData>
      </li>
	  <li>
        <bodyGraphicData>
          <texPath>Things/SCHorse</texPath>
          <drawSize>2</drawSize>
          <color>(255,255,255)</color>
          <shadowData>
            <volume>(0.3, 0.3, 0.3)</volume>
            <offset>(0,0,-0.3)</offset>
          </shadowData>
        </bodyGraphicData>
        <dessicatedBodyGraphicData>
          <texPath>Things/Pawn/Animal/Horse/Dessicated_Horse</texPath>
          <drawSize>2.25</drawSize>
        </dessicatedBodyGraphicData>
      </li>
      <li>
        <bodyGraphicData>
          <texPath>Things/SCHorse</texPath>
          <drawSize>3</drawSize>
          <color>(255,255,255)</color>
          <shadowData>
            <volume>(0.4, 0.4, 0.4)</volume>
            <offset>(0,0,-0.2)</offset>
          </shadowData>
        </bodyGraphicData>
        <dessicatedBodyGraphicData>
          <texPath>Things/Pawn/Animal/Horse/Dessicated_Horse</texPath>
          <drawSize>3</drawSize>
        </dessicatedBodyGraphicData>
      </li>
    </lifeStages>
  </PawnKindDef>
  
  
  	 <!-- Palomino Horse Def-->
  
	<ThingDef ParentName="BaseHorse">
    <defName>SCPalomino</defName>
    <label>palomino</label>
    <description>An incredibly beautiful horse which is slightly faster than an average horse. Kept by more wealthy colonies as a show item. Not exceptionally helpful on long voyages and eats a lot.</description>
    <statBases>
      <MoveSpeed>8</MoveSpeed>
      <ComfyTemperatureMin>-35</ComfyTemperatureMin>
      <ComfyTemperatureMax>45</ComfyTemperatureMax>
      <MarketValue>600</MarketValue>
    </statBases>
		<race>
      <baseHungerRate>1.25</baseHungerRate>
	</race>
 <tools>
      <li>
        <label>head</label>
        <capacities>
          <li>Blunt</li>
        </capacities>
        <power>10</power>
        <cooldownTime>2.9</cooldownTime>
        <linkedBodyPartsGroup>HeadAttackTool</linkedBodyPartsGroup>
        <ensureLinkedBodyPartsGroupAlwaysUsable>true</ensureLinkedBodyPartsGroupAlwaysUsable>
      </li>
      <li>
        <label>left hoof</label>
        <capacities>
          <li>Blunt</li>
          <li>Poke</li>
        </capacities>
        <power>7</power>
        <cooldownTime>2</cooldownTime>
        <linkedBodyPartsGroup>FrontLeftLeg</linkedBodyPartsGroup>
      </li>
      <li>
        <label>right hoof</label>
        <capacities>
          <li>Blunt</li>
          <li>Poke</li>
        </capacities>
        <power>7</power>
        <cooldownTime>2</cooldownTime>
        <linkedBodyPartsGroup>FrontRightLeg</linkedBodyPartsGroup>
      </li>
      <li>
        <capacities>
          <li>Bite</li>
        </capacities>
        <power>5</power>
        <cooldownTime>2</cooldownTime>
        <linkedBodyPartsGroup>Teeth</linkedBodyPartsGroup>
        <chanceFactor>0.5</chanceFactor>
      </li>
    </tools>
  </ThingDef>

  <PawnKindDef ParentName="HorseKindBase">
    <defName>SCPalomino</defName>
    <label>palomino</label>
    <race>SCPalomino</race>
    <combatPower>100</combatPower>
	<labelMale>stallion</labelMale>
    <labelFemale>mare</labelFemale>
    <ecoSystemWeight>1.1</ecoSystemWeight>
    <wildGroupSize>3~6</wildGroupSize>
    <lifeStages>
      <li>
	    <label>palomino foal</label>
        <labelPlural>palomino foals</labelPlural>
        <bodyGraphicData>
          <texPath>Things/SCHorse</texPath>
          <drawSize>1.50</drawSize>
          <color>(219, 173, 118)</color>
		  <shadowData>
            <volume>(0.2, 0.1, 0.2)</volume>
            <offset>(0,0,-0.2)</offset>
          </shadowData>
        </bodyGraphicData>
        <dessicatedBodyGraphicData>
          <texPath>Things/Pawn/Animal/Horse/Dessicated_Horse</texPath>
          <drawSize>1.5</drawSize>
        </dessicatedBodyGraphicData>
      </li>
	  <li>
        <bodyGraphicData>
          <texPath>Things/SCHorse</texPath>
          <drawSize>2</drawSize>
          <color>(219, 173, 118)</color>
          <shadowData>
            <volume>(0.3, 0.3, 0.3)</volume>
            <offset>(0,0,-0.3)</offset>
          </shadowData>
        </bodyGraphicData>
        <dessicatedBodyGraphicData>
          <texPath>Things/Pawn/Animal/Horse/Dessicated_Horse</texPath>
          <drawSize>2.25</drawSize>
        </dessicatedBodyGraphicData>
      </li>
      <li>
        <bodyGraphicData>
          <texPath>Things/SCHorse</texPath>
          <drawSize>3</drawSize>
          <color>(219, 173, 118)</color>
          <shadowData>
            <volume>(0.4, 0.4, 0.4)</volume>
            <offset>(0,0,-0.2)</offset>
          </shadowData>
        </bodyGraphicData>
        <dessicatedBodyGraphicData>
          <texPath>Things/Pawn/Animal/Horse/Dessicated_Horse</texPath>
          <drawSize>3</drawSize>
        </dessicatedBodyGraphicData>
      </li>
    </lifeStages>
  </PawnKindDef>
  
</Defs>